RespondentID,Role,ExperienceYears,Sector,TeamSize,AIUseFrequency,ReviewMode,PU1,PU2,PU3,EU1,EU2,TR1,TR2,TR3,EX1,EX2,FR1,FR2,IN1,IN2,OS1,OS2,BI1,BI2,C1_Scenario,Q1,Q2,Q3,Q4,Q5,Q6,Q7,Q8,Q9,Q10,Q11
R01,Manager,11,Banking & NBFC,50+,Monthly,Used it myself,5,4,4,4,4,4,3,4,4,4,4,4,2,4,5,4,5,4,"Talk to the employee first, then decide","The team ranking page alone would save time before our monthly review. Useful as an early-warning system, especially for large teams where I can't track everyone closely.","I would, especially for new joiners in the first year, where attrition is highest for us.",The team view and the download option.,"Needs a confidence range, not just one percentage.","Yes, since it's tested on past data and the accuracy is stated openly.",A confidence range and a note when the data is unusual. A track record — if it correctly flags people in our own company for six months.,"Treat the disagreement as a signal to dig deeper, not to pick a side.",Intuition is faster; the tool needs inputs and time.,"Somewhat. Explanations help, but they also need to be correct.","Yes, especially because I'll be blamed, not the AI.",Poor data quality and outdated HR records. Too many disconnected systems — one more tool is a burden.
R02,Team Leader,6,Banking & NBFC,6–15,Monthly,Used it myself,4,3,4,4,5,4,3,4,4,4,3,3,2,3,1,2,4,3,Look for more data before acting,Somewhat useful. The pay benchmark is more practical for me than the risk score.,"Maybe, as a second opinion, not the main basis for decisions.",The blue line showing the company average gives useful context.,No option to save an employee and compare later.,"I'd trust it more after seeing it run on my own team for a few months. Reasonably, but I would never act on it alone.",Knowing who built it and how it is monitored.,Look at which factor is driving the score and verify it myself. Flag it to HR and let them take a neutral view.,"Because people decisions are personal, and a number feels cold.","Definitely. The drivers section is the reason I would consider using it. Yes, a lot. Without reasons I couldn't justify the action to my boss or the employee.","Yes, which is why I'd use it only to start a conversation, not to take action directly.",Too many disconnected systems — one more tool is a burden.
R03,Working Professional,4,IT services,1–5,Monthly,Used it myself,4,3,4,5,4,3,2,2,4,3,3,2,2,3,4,4,4,3,"Talk to the employee first, then decide",Useful for large teams; for a team of five I already know who is unhappy.,"Only if HR also uses it, so we're looking at the same numbers. Maybe, as a second opinion, not the main basis for decisions.","It admits it can be wrong, which I appreciate.",Some suggested actions are generic.,To some extent. The reasons were logical but the percentage felt too precise.,Peer managers vouching for it after using it.,Discuss with HR and look at more data before acting. Ask the employee's peers or skip-level manager for their view.,"Intuition includes context the data doesn't have — family issues, team politics, market offers.","Yes, but too much detail would confuse managers — keep it short.",Not much — a wrong retention conversation costs very little.,Top management does not ask for data-based decisions.
R04,Entrepreneur,16,Retail,16–50,Weekly,Watched a demo,3,4,3,4,5,4,4,3,4,5,4,4,4,3,5,5,4,4,Look for more data before acting,"Moderately useful. Good as a starting point, but managers still need to talk to people. Useful for HR more than for line managers, I think.","Possibly, if my organisation officially approves it. Otherwise it's risky. Maybe, as a second opinion, not the main basis for decisions.",Good that gender is left out of the model. I like that it shows the model's limits honestly.,The team upload needs a specific CSV format that our HRMS doesn't export.,Partly. I'd trust the ranking more than the exact percentage. To some extent. The reasons were logical but the percentage felt too precise.,Being validated by HR and approved by management.,"Use it as a reason for a routine 1:1, without mentioning the score.",Because they are accountable for the outcome and feel more in control with their own judgement.,Yes. A black-box score would never be accepted in our review meetings.,A little. But not acting when the tool warned me is also a risk.,Low digital literacy among supervisors on the shop floor.
R05,Entrepreneur,6,Cooperative & Agri,1–5,Monthly,Used it myself,3,4,3,5,5,2,3,2,4,3,3,2,3,4,3,4,4,4,"Talk to the employee first, then decide","It helps, but only if the satisfaction scores are updated regularly.","Perhaps once a quarter, not regularly.",The suggested actions are practical.,The pay figures have no currency or grade mapping for our structure.,"Reasonably, but I would never act on it alone.",An option to give feedback when the prediction is wrong.,Flag it to HR and let them take a neutral view.,Habit. Most senior managers built their careers without data tools.,"Yes — if I can see why, I can check whether it makes sense. Yes, explainability builds trust more than accuracy numbers do.","Yes. If I act on a wrong prediction and the employee feels targeted, it damages trust.",No clear policy on who is accountable when AI is wrong.
R06,Entrepreneur,16,Banking & NBFC,16–50,Rarely,Watched a demo,3,3,4,4,4,2,2,2,2,2,4,3,4,4,3,3,4,4,"Talk to the employee first, then decide","Useful for HR more than for line managers, I think.",I'd use the pay check but I'm unsure about acting on the risk percentage.,I like that it shows the model's limits honestly. The 1–4 scales with labels are easy to fill.,I wanted to know how recent the training data is.,"I trust it for patterns, not for one individual.",Audit by an independent team for bias.,Ask the employee's peers or skip-level manager for their view. Discuss with HR and look at more data before acting.,They have seen AI hype before and results not matching.,"It matters, because I have to explain any retention bonus to finance.","No. I see it as supporting evidence, which actually reduces my risk.",Resistance from senior people who prefer the old ways. Budget constraints for small firms like mine.
R07,Manager,12,Cooperative & Agri,50+,Monthly,Watched a demo,3,3,3,3,4,3,3,3,3,3,3,3,4,4,3,3,3,3,Look for more data before acting,"It helps, but only if the satisfaction scores are updated regularly. Moderately useful. Good as a starting point, but managers still need to talk to people.","Perhaps once a quarter, not regularly. Maybe, as a second opinion, not the main basis for decisions.",Easy to use. The gauge is clear.,It gives false alarms — about half the 'high risk' people actually stay.,"Half-half. Some drivers made sense, others like marital status felt odd.",A pilot in one department with results shared openly.,"Probably trust my judgement, but not ignore the warning completely.","Admitting a model knows better can feel like a threat to their expertise. Because people decisions are personal, and a number feels cold.","Yes, a lot. Without reasons I couldn't justify the action to my boss or the employee.",It does; managers prefer to be wrong with their own judgement than with a machine's.,Lack of time; we are already overloaded with reports. Fear of job loss or of AI reducing the manager's role.
R08,Team Leader,7,Cooperative & Agri,6–15,Rarely,Watched a demo,4,3,4,4,4,3,3,3,3,3,4,3,4,4,2,2,3,3,Look for more data before acting,"It helps, but only if the satisfaction scores are updated regularly. Useful for HR more than for line managers, I think.","Only if HR also uses it, so we're looking at the same numbers.",The 1–4 scales with labels are easy to fill. The suggested actions are practical.,Satisfaction scores are subjective; the tool depends too much on them.,"Depends on the data quality — garbage in, garbage out. Half-half. Some drivers made sense, others like marital status felt odd.",Regular updates of the model with our latest data.,Wait a month and re-check the score before doing anything.,"In our culture, the boss's experience is valued more than analysis.","Yes, explainability builds trust more than accuracy numbers do.","Yes. In a hierarchical setup, mistakes are remembered longer than successes.",Tools are built by IT without asking managers what they need.
R09,Working Professional,7,FMCG,None,Monthly,Used it myself,4,4,4,4,4,3,3,4,4,3,5,4,4,4,3,4,4,3,"Talk to the employee first, then decide","Useful for HR more than for line managers, I think. Moderately useful. Good as a starting point, but managers still need to talk to people.","I'd use the pay check but I'm unsure about acting on the risk percentage. Only if HR also uses it, so we're looking at the same numbers.",It loads fast and the questions are in normal HR language.,"No explanation of how the model was built, in simple terms.",Somewhat. 80% accuracy sounds good but the false alarms bother me.,Clear explanations in plain language for every prediction.,Go with my experience but keep a watch on that person.,Managers remember the one case where they were right and the data was wrong. They have seen AI hype before and results not matching.,"It matters, because I have to explain any retention bonus to finance. Somewhat. Explanations help, but they also need to be correct.",Somewhat. Clear company guidelines on how to use it would reduce the fear.,Fear of job loss or of AI reducing the manager's role.
R10,Supervisor,5,Healthcare,16–50,Monthly,Watched a demo,3,3,3,4,4,3,3,4,4,4,3,2,2,3,3,3,3,2,"Talk to the employee first, then decide","Useful for HR more than for line managers, I think. Somewhat useful. The pay benchmark is more practical for me than the risk score.","Only if HR also uses it, so we're looking at the same numbers. Possibly, if my organisation officially approves it. Otherwise it's risky.",The drivers list is helpful.,Doesn't consider external job market or competitor hiring.,I'd trust it more after seeing it run on my own team for a few months.,Being validated by HR and approved by management. Audit by an independent team for bias.,Look at which factor is driving the score and verify it myself.,"They don't understand how the model works, so it feels like a black box.","It matters, because I have to explain any retention bonus to finance. Yes, but too much detail would confuse managers — keep it short.","A little. But not acting when the tool warned me is also a risk. Yes, especially because I'll be blamed, not the AI.",No training on AI tools for middle managers.
R11,Supervisor,12,Consulting,16–50,Weekly,Used it myself,4,4,3,4,4,3,4,4,4,4,3,2,3,4,1,2,4,4,"Talk to the employee first, then decide","Useful as an early-warning system, especially for large teams where I can't track everyone closely.","Yes, if it connects to our HRMS so I don't have to enter data manually.",Clean layout. I understood it without any training.,Would like a mobile-friendly version.,"Mostly yes, because the reasons it shows match what I have seen in my team.",A track record — if it correctly flags people in our own company for six months. Integration with actual HR data rather than manual entry.,"Check the drivers — if overtime is high and I hadn't noticed, the AI may be right.",Past experience with bad data and wrong reports has made them sceptical.,"It matters, because I have to explain any retention bonus to finance. Yes, explainability builds trust more than accuracy numbers do.","A little. But not acting when the tool warned me is also a risk. Yes. If I act on a wrong prediction and the employee feels targeted, it damages trust.",Budget constraints for small firms like mine. Poor data quality and outdated HR records.
R12,Senior Decision-maker,27,Cooperative & Agri,50+,Weekly,Used it myself,4,4,4,5,5,2,2,4,5,5,4,4,3,3,1,1,3,3,"Talk to the employee first, then decide","Moderately useful. Good as a starting point, but managers still need to talk to people.","Possibly, if my organisation officially approves it. Otherwise it's risky.",It loads fast and the questions are in normal HR language. The 1–4 scales with labels are easy to fill.,It gives false alarms — about half the 'high risk' people actually stay. The pay figures have no currency or grade mapping for our structure.,"I'd trust it more after seeing it run on my own team for a few months. Depends on the data quality — garbage in, garbage out.",Clear explanations in plain language for every prediction. Audit by an independent team for bias.,Look at which factor is driving the score and verify it myself. Go with my experience but keep a watch on that person.,"Habit. Most senior managers built their careers without data tools. They don't understand how the model works, so it feels like a black box.","Yes. A black-box score would never be accepted in our review meetings. Yes, but too much detail would confuse managers — keep it short.",A little. But not acting when the tool warned me is also a risk. Somewhat. Clear company guidelines on how to use it would reduce the fear.,Privacy concerns — employees may resist being scored. Lack of time; we are already overloaded with reports.
R13,Working Professional,6,Banking & NBFC,None,Daily,Used it myself,4,4,4,4,4,4,3,3,5,4,5,4,3,4,4,4,3,4,"Talk to the employee first, then decide","It helps, but only if the satisfaction scores are updated regularly. Useful for large teams; for a team of five I already know who is unhappy.","Maybe, as a second opinion, not the main basis for decisions. I'd use the pay check but I'm unsure about acting on the risk percentage.",Good that gender is left out of the model.,Doesn't consider external job market or competitor hiring. Satisfaction scores are subjective; the tool depends too much on them.,Partly. I'd trust the ranking more than the exact percentage.,Clear explanations in plain language for every prediction. Knowing who built it and how it is monitored.,"Use it as a reason for a routine 1:1, without mentioning the score. Go with my experience but keep a watch on that person.","Because people decisions are personal, and a number feels cold. They have seen AI hype before and results not matching.","Yes — if I can see why, I can check whether it makes sense.","Yes, especially because I'll be blamed, not the AI. Somewhat. Clear company guidelines on how to use it would reduce the fear.",Too many disconnected systems — one more tool is a burden. Privacy concerns — employees may resist being scored.
R14,Manager,12,Manufacturing,16–50,Rarely,Used it myself,4,3,3,3,3,4,5,4,4,4,4,4,4,3,1,1,4,4,Follow the tool: start retention actions now,"It helps, but only if the satisfaction scores are updated regularly. Somewhat useful. The pay benchmark is more practical for me than the risk score.","Maybe, as a second opinion, not the main basis for decisions. Only if HR also uses it, so we're looking at the same numbers.",I like that it shows the model's limits honestly. It loads fast and the questions are in normal HR language.,Some suggested actions are generic. I wanted to know how recent the training data is.,"Reasonably, but I would never act on it alone. I'd trust it more after seeing it run on my own team for a few months.",Being validated by HR and approved by management. Peer managers vouching for it after using it.,Ask the employee's peers or skip-level manager for their view.,Because they are accountable for the outcome and feel more in control with their own judgement. Habit. Most senior managers built their careers without data tools.,"Yes — if I can see why, I can check whether it makes sense. Somewhat. Explanations help, but they also need to be correct.","It does; managers prefer to be wrong with their own judgement than with a machine's. Yes, which is why I'd use it only to start a conversation, not to take action directly.",Top management does not ask for data-based decisions. Tools are built by IT without asking managers what they need.
R15,Manager,3,Banking & NBFC,16–50,Rarely,Used it myself,3,4,4,4,3,3,3,4,4,4,4,4,2,3,3,2,3,3,"Talk to the employee first, then decide","Somewhat useful. The pay benchmark is more practical for me than the risk score. It helps, but only if the satisfaction scores are updated regularly.","Only if HR also uses it, so we're looking at the same numbers. Perhaps once a quarter, not regularly.","It admits it can be wrong, which I appreciate. The suggested actions are practical.","No explanation of how the model was built, in simple terms. No option to save an employee and compare later.","Half-half. Some drivers made sense, others like marital status felt odd. Somewhat. 80% accuracy sounds good but the false alarms bother me.",Being validated by HR and approved by management. Regular updates of the model with our latest data.,Look at which factor is driving the score and verify it myself. Wait a month and re-check the score before doing anything.,"Habit. Most senior managers built their careers without data tools. Because people decisions are personal, and a number feels cold.","Yes, a lot. Without reasons I couldn't justify the action to my boss or the employee. Yes — if I can see why, I can check whether it makes sense.","No. I see it as supporting evidence, which actually reduces my risk. Not much — a wrong retention conversation costs very little.",No training on AI tools for middle managers. No clear policy on who is accountable when AI is wrong.
R16,Team Leader,11,Manufacturing,1–5,Daily,Watched a demo,4,4,4,5,4,3,3,4,5,5,4,5,2,2,3,3,5,5,Look for more data before acting,Useful. It turns a gut feeling into something I can discuss with HR.,"Yes, mainly the what-if part — I can show HR that removing overtime reduces risk. Yes, monthly, to review my team and flag cases to HR early.",The 'why' section with suggested actions. It doesn't just give a number.,"I'd like a trend — is the risk going up or down over months? Needs a confidence range, not just one percentage.","Fairly, because I could check it against two people who actually left last year.",Integration with actual HR data rather than manual entry.,"Have an informal conversation first, then decide.","Intuition includes context the data doesn't have — family issues, team politics, market offers. Habit. Most senior managers built their careers without data tools.",Not much for me; I care more about whether it has been right before.,"Somewhat. Clear company guidelines on how to use it would reduce the fear. Yes. If I act on a wrong prediction and the employee feels targeted, it damages trust.",Tools are built by IT without asking managers what they need. Top management does not ask for data-based decisions.
R17,Manager,18,Retail,16–50,Monthly,Watched a demo,5,5,4,4,4,3,2,3,4,4,3,3,3,4,2,3,4,5,"Talk to the employee first, then decide","Moderately useful. Good as a starting point, but managers still need to talk to people. It helps, but only if the satisfaction scores are updated regularly.","Perhaps once a quarter, not regularly. Possibly, if my organisation officially approves it. Otherwise it's risky.",The drivers list is helpful. The blue line showing the company average gives useful context.,The pay figures have no currency or grade mapping for our structure. It gives false alarms — about half the 'high risk' people actually stay.,"To some extent. The reasons were logical but the percentage felt too precise. Half-half. Some drivers made sense, others like marital status felt odd.",Regular updates of the model with our latest data. Audit by an independent team for bias.,"Probably trust my judgement, but not ignore the warning completely. Flag it to HR and let them take a neutral view.",Intuition is faster; the tool needs inputs and time. Because they are accountable for the outcome and feel more in control with their own judgement.,"Definitely. The drivers section is the reason I would consider using it. Yes, explainability builds trust more than accuracy numbers do.","Yes. If I act on a wrong prediction and the employee feels targeted, it damages trust. A little. But not acting when the tool warned me is also a risk.",Tools are built by IT without asking managers what they need. Too many disconnected systems — one more tool is a burden.
R18,Supervisor,2,IT services,16–50,Weekly,Watched a demo,4,4,4,5,5,4,4,4,5,4,4,4,2,3,2,2,4,4,Look for more data before acting,Useful for first-line managers who don't have HR analytics support. The team ranking page alone would save time before our monthly review.,"Yes, monthly, to review my team and flag cases to HR early. Yes. It gives me a structured reason to start a retention conversation.",Simple language and the traffic-light colours. The 'why' section with suggested actions. It doesn't just give a number.,Missing factors like manager behaviour and team conflicts. I'd like a trend — is the risk going up or down over months?,I trust it as a direction. The drivers like overtime make sense.,Showing past cases where it was right and wrong.,"I'd talk to the employee. The AI tells me where to look; I decide what to do. Check the drivers — if overtime is high and I hadn't noticed, the AI may be right.","Because people decisions are personal, and a number feels cold. Intuition is faster; the tool needs inputs and time.","Yes — if I can see why, I can check whether it makes sense. Definitely. The drivers section is the reason I would consider using it.","Not much — a wrong retention conversation costs very little. No. I see it as supporting evidence, which actually reduces my risk.",Resistance from senior people who prefer the old ways. Privacy concerns — employees may resist being scored.
R19,Supervisor,8,Banking & NBFC,6–15,Rarely,Watched a demo,5,4,4,3,4,3,4,4,5,5,4,3,4,4,2,2,3,3,Look for more data before acting,"Useful for large teams; for a team of five I already know who is unhappy. Moderately useful. Good as a starting point, but managers still need to talk to people.","I'd use the pay check but I'm unsure about acting on the risk percentage. Maybe, as a second opinion, not the main basis for decisions.",I like that it shows the model's limits honestly.,The team upload needs a specific CSV format that our HRMS doesn't export. It gives false alarms — about half the 'high risk' people actually stay.,I'd trust it more after seeing it run on my own team for a few months. Partly. I'd trust the ranking more than the exact percentage.,Regular updates of the model with our latest data. An option to give feedback when the prediction is wrong.,Flag it to HR and let them take a neutral view. Ask the employee's peers or skip-level manager for their view.,Because they are accountable for the outcome and feel more in control with their own judgement. Intuition is faster; the tool needs inputs and time.,Definitely. The drivers section is the reason I would consider using it.,"Yes, which is why I'd use it only to start a conversation, not to take action directly. It does; managers prefer to be wrong with their own judgement than with a machine's.",Tools are built by IT without asking managers what they need. Privacy concerns — employees may resist being scored.
R20,Team Leader,7,Cooperative & Agri,1–5,Monthly,Watched a demo,4,4,4,4,4,3,2,3,5,4,3,3,2,3,2,3,3,3,"Talk to the employee first, then decide","Somewhat useful. The pay benchmark is more practical for me than the risk score. Useful for HR more than for line managers, I think.","Perhaps once a quarter, not regularly. Only if HR also uses it, so we're looking at the same numbers.","The drivers list is helpful. It admits it can be wrong, which I appreciate.",Doesn't consider external job market or competitor hiring. I wanted to know how recent the training data is.,Somewhat. 80% accuracy sounds good but the false alarms bother me. I'd trust it more after seeing it run on my own team for a few months.,Being validated by HR and approved by management. An option to give feedback when the prediction is wrong.,Wait a month and re-check the score before doing anything. Ask the employee's peers or skip-level manager for their view.,"Because they are accountable for the outcome and feel more in control with their own judgement. Intuition includes context the data doesn't have — family issues, team politics, market offers.",Definitely. The drivers section is the reason I would consider using it. Yes. A black-box score would never be accepted in our review meetings.,A little. But not acting when the tool warned me is also a risk. It does; managers prefer to be wrong with their own judgement than with a machine's.,Poor data quality and outdated HR records. Privacy concerns — employees may resist being scored.
R21,Manager,7,FMCG,50+,Monthly,Watched a demo,3,3,3,4,4,4,4,5,5,4,3,3,2,2,3,4,4,5,"Talk to the employee first, then decide",Quite useful for prioritising. I have 30+ people and can't do stay-interviews with all of them.,"Yes, before appraisal and increment discussions to decide where to focus. Yes. It gives me a structured reason to start a retention conversation.",The what-if slider — seeing risk fall when overtime is removed is powerful.,Too many inputs for one employee. Should pull data automatically.,"Yes, since it's tested on past data and the accuracy is stated openly. I trust it as a direction. The drivers like overtime make sense.",A track record — if it correctly flags people in our own company for six months.,I'd talk to the employee. The AI tells me where to look; I decide what to do.,They have seen AI hype before and results not matching. Admitting a model knows better can feel like a threat to their expertise.,"Somewhat. Explanations help, but they also need to be correct. It matters, because I have to explain any retention bonus to finance.","A little. But not acting when the tool warned me is also a risk. Yes, which is why I'd use it only to start a conversation, not to take action directly.",Poor data quality and outdated HR records.
R22,Team Leader,8,Manufacturing,1–5,Never,Used it myself,3,2,3,4,4,4,3,4,5,4,3,3,3,4,3,3,2,2,Follow the tool: start retention actions now,"In my small business I talk to everyone daily, so I don't see much added value.",Not yet. I'd want to see it tested on our own people first.,"The design is clean, I'll give it that. The pay benchmark is the only part I found directly useful.",Data privacy is not addressed — who sees these scores?,I don't trust it yet because I can't see how it would handle a special case.,Being able to add my own observations to the prediction.,I'd go with my experience. I know my people.,"Past experience with bad data and wrong reports has made them sceptical. In our culture, the boss's experience is valued more than analysis.","Yes, but too much detail would confuse managers — keep it short. It matters, because I have to explain any retention bonus to finance.","Yes, which is why I'd use it only to start a conversation, not to take action directly. A little. But not acting when the tool warned me is also a risk.",Lack of time; we are already overloaded with reports. Budget constraints for small firms like mine.
R23,Team Leader,5,IT services,1–5,Weekly,Watched a demo,4,4,4,5,4,3,3,3,3,4,3,4,3,3,3,4,4,3,Look for more data before acting,"Moderately useful. Good as a starting point, but managers still need to talk to people. Useful for large teams; for a team of five I already know who is unhappy.","Possibly, if my organisation officially approves it. Otherwise it's risky. I'd use the pay check but I'm unsure about acting on the risk percentage.",The 1–4 scales with labels are easy to fill.,Satisfaction scores are subjective; the tool depends too much on them. The pay figures have no currency or grade mapping for our structure.,To some extent. The reasons were logical but the percentage felt too precise. I'd trust it more after seeing it run on my own team for a few months.,Clear explanations in plain language for every prediction. Peer managers vouching for it after using it.,Flag it to HR and let them take a neutral view. Wait a month and re-check the score before doing anything.,"They don't understand how the model works, so it feels like a black box. Habit. Most senior managers built their careers without data tools.","Definitely. The drivers section is the reason I would consider using it. Somewhat. Explanations help, but they also need to be correct.","Yes. If I act on a wrong prediction and the employee feels targeted, it damages trust. Somewhat. Clear company guidelines on how to use it would reduce the fear.",Resistance from senior people who prefer the old ways.
R24,Entrepreneur,19,IT services,1–5,Rarely,Used it myself,4,3,4,4,4,4,3,4,4,3,3,3,3,3,4,4,4,4,Look for more data before acting,"Helpful because it puts overtime, promotion gap and pay in one screen.",Yes. It gives me a structured reason to start a retention conversation.,That it compares pay with similar employees. That's a real fairness check.,"Missing factors like manager behaviour and team conflicts. Needs a confidence range, not just one percentage.","Mostly yes, because the reasons it shows match what I have seen in my team. Fairly, because I could check it against two people who actually left last year.",Integration with actual HR data rather than manual entry. Showing past cases where it was right and wrong.,"I'd talk to the employee. The AI tells me where to look; I decide what to do. Treat the disagreement as a signal to dig deeper, not to pick a side.","Because they are accountable for the outcome and feel more in control with their own judgement. In our culture, the boss's experience is valued more than analysis.","Yes, a lot. Without reasons I couldn't justify the action to my boss or the employee. Somewhat. Explanations help, but they also need to be correct.","Yes. If I act on a wrong prediction and the employee feels targeted, it damages trust. Yes. In a hierarchical setup, mistakes are remembered longer than successes.",Budget constraints for small firms like mine.
R25,Manager,11,Healthcare,50+,Rarely,Used it myself,4,4,4,4,5,4,3,3,5,4,4,4,4,3,3,3,4,4,"Talk to the employee first, then decide","Useful for large teams; for a team of five I already know who is unhappy. It helps, but only if the satisfaction scores are updated regularly.","Possibly, if my organisation officially approves it. Otherwise it's risky. Perhaps once a quarter, not regularly.",The 1–4 scales with labels are easy to fill. The blue line showing the company average gives useful context.,"No option to save an employee and compare later. No explanation of how the model was built, in simple terms.",Somewhat. 80% accuracy sounds good but the false alarms bother me. Partly. I'd trust the ranking more than the exact percentage.,Audit by an independent team for bias. An option to give feedback when the prediction is wrong.,"Look at which factor is driving the score and verify it myself. Use it as a reason for a routine 1:1, without mentioning the score.","They don't understand how the model works, so it feels like a black box. In our culture, the boss's experience is valued more than analysis.","Yes, but too much detail would confuse managers — keep it short. Somewhat. Explanations help, but they also need to be correct.","Yes, which is why I'd use it only to start a conversation, not to take action directly. Yes. If I act on a wrong prediction and the employee feels targeted, it damages trust.",Privacy concerns — employees may resist being scored.
R26,Working Professional,2,IT services,None,Rarely,Watched a demo,3,2,2,4,3,2,2,3,4,4,4,4,3,3,2,3,2,2,"Talk to the employee first, then decide","Useful in theory, but managers here won't enter data into another tool.",Not in the current form; entering 20 fields per person is too much work.,The pay benchmark is the only part I found directly useful.,"It misses one-third of leavers, so I can't rely on it.",No. People are too complex to be predicted by 20 variables.,Seeing it tested on our employees first. Being able to add my own observations to the prediction.,"My judgement, because I'm accountable, not the software. I'd go with my experience. I know my people.",Intuition is faster; the tool needs inputs and time. Managers remember the one case where they were right and the data was wrong.,"Yes. A black-box score would never be accepted in our review meetings. Somewhat. Explanations help, but they also need to be correct.","Yes. If I act on a wrong prediction and the employee feels targeted, it damages trust. It does; managers prefer to be wrong with their own judgement than with a machine's.",Lack of time; we are already overloaded with reports.
R27,Supervisor,5,IT services,16–50,Daily,Used it myself,4,4,4,4,5,3,3,3,5,4,5,4,2,1,3,4,3,3,Look for more data before acting,"Moderately useful. Good as a starting point, but managers still need to talk to people. Somewhat useful. The pay benchmark is more practical for me than the risk score.","Possibly, if my organisation officially approves it. Otherwise it's risky. Only if HR also uses it, so we're looking at the same numbers.",Good that gender is left out of the model. The suggested actions are practical.,The pay figures have no currency or grade mapping for our structure. Doesn't consider external job market or competitor hiring.,Partly. I'd trust the ranking more than the exact percentage. Somewhat. 80% accuracy sounds good but the false alarms bother me.,Knowing who built it and how it is monitored. Being validated by HR and approved by management.,Go with my experience but keep a watch on that person. Discuss with HR and look at more data before acting.,They have seen AI hype before and results not matching. Because they are accountable for the outcome and feel more in control with their own judgement.,"Somewhat. Explanations help, but they also need to be correct. Definitely. The drivers section is the reason I would consider using it.","Yes, which is why I'd use it only to start a conversation, not to take action directly. Yes. In a hierarchical setup, mistakes are remembered longer than successes.",Privacy concerns — employees may resist being scored. Resistance from senior people who prefer the old ways.
R28,Manager,17,Retail,6–15,Weekly,Used it myself,3,3,3,5,5,3,2,3,5,5,3,4,4,4,3,2,3,3,"Talk to the employee first, then decide","Not very useful for us. Our HR data is patchy, so the inputs will be guesses.",No — I worry employees would feel profiled if they found out.,It's simple to use.,It doesn't know the local context of our region.,"Not fully. It's trained on another company's history, not ours.",Transparency on the data it uses and privacy safeguards.,Experience first. The model doesn't know the personal situation.,"Intuition includes context the data doesn't have — family issues, team politics, market offers. Because they are accountable for the outcome and feel more in control with their own judgement.","Yes, a lot. Without reasons I couldn't justify the action to my boss or the employee. Definitely. The drivers section is the reason I would consider using it.","Yes, which is why I'd use it only to start a conversation, not to take action directly. Yes, especially because I'll be blamed, not the AI.",No clear policy on who is accountable when AI is wrong. No training on AI tools for middle managers.
R29,Senior Decision-maker,19,Banking & NBFC,50+,Rarely,Used it myself,4,4,4,3,4,3,3,3,3,3,4,4,5,4,2,3,3,3,Look for more data before acting,"Useful for HR more than for line managers, I think. Useful for large teams; for a team of five I already know who is unhappy.","I'd use the pay check but I'm unsure about acting on the risk percentage. Possibly, if my organisation officially approves it. Otherwise it's risky.",The suggested actions are practical. Good that gender is left out of the model.,It gives false alarms — about half the 'high risk' people actually stay. Doesn't consider external job market or competitor hiring.,"I trust it for patterns, not for one individual. Somewhat. 80% accuracy sounds good but the false alarms bother me.",Knowing who built it and how it is monitored. Regular updates of the model with our latest data.,"Wait a month and re-check the score before doing anything. Use it as a reason for a routine 1:1, without mentioning the score.","They don't understand how the model works, so it feels like a black box. They have seen AI hype before and results not matching.","Yes, but too much detail would confuse managers — keep it short. Yes — if I can see why, I can check whether it makes sense.","Yes, especially because I'll be blamed, not the AI. Yes. If I act on a wrong prediction and the employee feels targeted, it damages trust.",Top management does not ask for data-based decisions. Too many disconnected systems — one more tool is a burden.
R30,Manager,12,Healthcare,50+,Never,Watched a demo,4,3,3,4,4,3,3,3,3,3,4,3,3,4,3,4,4,4,Look for more data before acting,Useful for large teams; for a team of five I already know who is unhappy. Somewhat useful. The pay benchmark is more practical for me than the risk score.,"I'd use the pay check but I'm unsure about acting on the risk percentage. Perhaps once a quarter, not regularly.",The drivers list is helpful. It loads fast and the questions are in normal HR language.,The team upload needs a specific CSV format that our HRMS doesn't export. The pay figures have no currency or grade mapping for our structure.,"Half-half. Some drivers made sense, others like marital status felt odd. Partly. I'd trust the ranking more than the exact percentage.",Knowing who built it and how it is monitored. Clear explanations in plain language for every prediction.,"Use it as a reason for a routine 1:1, without mentioning the score. Probably trust my judgement, but not ignore the warning completely.",Admitting a model knows better can feel like a threat to their expertise. Past experience with bad data and wrong reports has made them sceptical.,"Yes, but too much detail would confuse managers — keep it short. Yes, explainability builds trust more than accuracy numbers do.","Yes. In a hierarchical setup, mistakes are remembered longer than successes. It does; managers prefer to be wrong with their own judgement than with a machine's.",Poor data quality and outdated HR records. Fear of job loss or of AI reducing the manager's role.
R31,Manager,13,IT services,6–15,Monthly,Used it myself,4,3,4,4,4,3,3,2,5,4,3,3,3,3,2,3,4,4,"Talk to the employee first, then decide","Very useful. Right now we only find out someone is leaving when the resignation mail comes. Useful as an early-warning system, especially for large teams where I can't track everyone closely.","Yes, mainly the what-if part — I can show HR that removing overtime reduces risk.",That it compares pay with similar employees. That's a real fairness check. The what-if slider — seeing risk fall when overtime is removed is powerful.,Too many inputs for one employee. Should pull data automatically. Missing factors like manager behaviour and team conflicts.,"Mostly yes, because the reasons it shows match what I have seen in my team. Yes, since it's tested on past data and the accuracy is stated openly.",Showing past cases where it was right and wrong. A track record — if it correctly flags people in our own company for six months.,"Treat the disagreement as a signal to dig deeper, not to pick a side. I'd talk to the employee. The AI tells me where to look; I decide what to do.","In our culture, the boss's experience is valued more than analysis. Because they are accountable for the outcome and feel more in control with their own judgement.","Yes. A black-box score would never be accepted in our review meetings. Yes, explainability builds trust more than accuracy numbers do.","Yes. If I act on a wrong prediction and the employee feels targeted, it damages trust. Yes, especially because I'll be blamed, not the AI.",Low digital literacy among supervisors on the shop floor. Lack of time; we are already overloaded with reports.
R32,Team Leader,6,Cooperative & Agri,6–15,Rarely,Used it myself,4,4,4,5,5,2,1,2,5,4,2,2,2,2,3,4,3,3,Follow the tool: start retention actions now,"Limited. Most attrition in my unit is due to family relocation, which no model can see.",Not yet. I'd want to see it tested on our own people first. Not in the current form; entering 20 fields per person is too much work.,"The design is clean, I'll give it that.",It could make managers treat people as numbers.,Not really; missing a third of leavers is too many.,Seeing it tested on our employees first.,Experience first. The model doesn't know the personal situation. I'd go with my experience. I know my people.,"Intuition includes context the data doesn't have — family issues, team politics, market offers. They don't understand how the model works, so it feels like a black box.","Yes, a lot. Without reasons I couldn't justify the action to my boss or the employee. Yes, explainability builds trust more than accuracy numbers do.","Yes. In a hierarchical setup, mistakes are remembered longer than successes. A little. But not acting when the tool warned me is also a risk.",Low digital literacy among supervisors on the shop floor. Privacy concerns — employees may resist being scored.
